{"cameraMode":{"drawMode":0,"name":"Shaded","section":"Shading Mode"},"sceneLighting":true,"audioPlay":false,"sceneViewState":{"m_AlwaysRefresh":false,"showFog":true,"showSkybox":true,"showFlares":true,"showImageEffects":true,"showParticleSystems":true,"showVisualEffectGraphs":true,"m_FxEnabled":true},"in2DMode":false,"pivot":{"x":8.768318176269532,"y":-100.95439910888672,"z":-31.393476486206056},"rotation":{"x":0.06647327542304993,"y":-0.8222891092300415,"z":0.09814736247062683,"w":0.5567278265953064},"size":38.24083709716797,"orthographic":true}